"mc3_mthd_id","aeid","exec_ordr","created_date","modified_date","modified_by"
17,1,1,NA,NA,"mshobair.mshobair.mshobair"
17,2,1,NA,NA,"mshobair.mshobair.mshobair"
9,1,2,NA,NA,"mshobair.mshobair.mshobair"
9,2,2,NA,NA,"mshobair.mshobair.mshobair"
7,1,3,NA,NA,"mshobair.mshobair.mshobair"
7,2,3,NA,NA,"mshobair.mshobair.mshobair"
17,1,1,NA,NA,"mshobair.mshobair.mshobair"
17,2,1,NA,NA,"mshobair.mshobair.mshobair"
9,1,2,NA,NA,"mshobair.mshobair.mshobair"
9,2,2,NA,NA,"mshobair.mshobair.mshobair"
7,1,3,NA,NA,"mshobair.mshobair.mshobair"
7,2,3,NA,NA,"mshobair.mshobair.mshobair"
