mc5_mthd_id,mc5_mthd,desc,created_date,modified_date,modified_by
1,bmad3,Add a cutoff value of 3*bmad.,2015-05-04 12:03:49,0000-00-00 00:00:00,dfiler.dfiler.dfiler
2,pc20,Add a cutoff value of 20.,2015-05-04 12:03:49,0000-00-00 00:00:00,dfiler.dfiler.dfiler
3,log2_1.2,Add a cutoff value of log2(1.2).,2015-05-04 12:03:49,0000-00-00 00:00:00,dfiler.dfiler.dfiler
4,log10_1.2,Add a cutoff value of log10(1.2).,2015-05-04 12:03:49,0000-00-00 00:00:00,dfiler.dfiler.dfiler
5,bmad5,Add a cutoff value of 5*bmad.,2015-05-04 12:03:49,0000-00-00 00:00:00,dfiler.dfiler.dfiler
6,bmad6,Add a cutoff value of 6*bmad.,2015-05-04 12:03:49,0000-00-00 00:00:00,dfiler.dfiler.dfiler
7,bmad10,Add a cutoff value of 10*bmad.,2015-05-04 12:03:49,0000-00-00 00:00:00,dfiler.dfiler.dfiler
8,maxmed20pct,Add a cutoff value of 20% of the max of max_med,2015-05-06 09:08:50,0000-00-00 00:00:00,kconnors.kconnors.kconnors
9,pc70,70% cutoff,2015-07-28 15:06:35,0000-00-00 00:00:00,mmarti02.mmarti02.mmarti02
10,pc50,50% cutoff,2015-07-28 15:08:01,0000-00-00 00:00:00,mmarti02.mmarti02.mmarti02
11,log2_2,log2 of 2 fold change cutoff,2015-07-28 15:08:01,0000-00-00 00:00:00,mmarti02.mmarti02.mmarti02
12,log10_2,log10 of 2 fold change cutoff,2015-07-28 15:08:01,0000-00-00 00:00:00,mmarti02.mmarti02.mmarti02
