"aeid","mc6_mthd_id","created_date","modified_date","modified_by"
1,6,NA,NA,"mshobair.mshobair.mshobair"
2,6,NA,NA,"mshobair.mshobair.mshobair"
1,7,NA,NA,"mshobair.mshobair.mshobair"
2,7,NA,NA,"mshobair.mshobair.mshobair"
1,8,NA,NA,"mshobair.mshobair.mshobair"
2,8,NA,NA,"mshobair.mshobair.mshobair"
1,10,NA,NA,"mshobair.mshobair.mshobair"
2,10,NA,NA,"mshobair.mshobair.mshobair"
1,11,NA,NA,"mshobair.mshobair.mshobair"
2,11,NA,NA,"mshobair.mshobair.mshobair"
1,12,NA,NA,"mshobair.mshobair.mshobair"
2,12,NA,NA,"mshobair.mshobair.mshobair"
1,15,NA,NA,"mshobair.mshobair.mshobair"
2,15,NA,NA,"mshobair.mshobair.mshobair"
1,16,NA,NA,"mshobair.mshobair.mshobair"
2,16,NA,NA,"mshobair.mshobair.mshobair"
